inventor_id,name,city,state,country
fl:we_ln:jiang-165,Wenjing Jiang,Guizhou,,CN
fl:ei_ln:baumker-1,Eiko BÄUMKER,Freiburg (Elbe),,DE
fl:ri_ln:kroeger-1,Richard Kroeger,,,
fl:th_ln:bush-1,Thomas A. Bush,,,
fl:ma_ln:boudreaux-4,Matthew F. Boudreaux,Raleigh,NC,US
fl:ge_ln:whitworth-1,Gerald Whitworth,,,
fl:ro_ln:egnatchik-1,Robert Egnatchik,Carrollton,TX,US
fl:th_ln:fleming-4,Thomas W. Fleming,San Diego,CA,US
fl:du_ln:moon-7,Duck Su Moon,Asan-si,,KR
fl:sa_ln:woods-2,Samuel G. Woods,Bel Air,MD,US
fl:ta_ln:hosoda-4,Takuya Hosoda,Tokyo,,JP
fl:ev_ln:mudrane-1,Eva K. Mudráné,Hajdúszoboszló,,HU
0000n8nqsxhrztn7djlxou00k,Muamer Zukic,Huntsville,AL,US
fl:do_ln:angelosanto-1,Donald J. Angelosanto,Tecate Mission Road,CA,US
fl:ba_ln:james-7,Barry James,Cranage,,GB
fl:le_ln:neitzel-1,Lee Allen Neitzel,Austin,TX,US
fl:ja_ln:files-4,Jace W. Files,Round Rock,TX,US
fl:st_ln:parkvall-1,Stefan Parkvall,Bromma,,SE
fl:ja_ln:feine-1,James Feine,Bellaire,TX,US
fl:ch_ln:gaal-1,Christopher Gaal,Mansfield,MA,US
fl:mo_ln:narasaiah-1,Mohan Narasaiah,Bengaluru,,IN
fl:hi_ln:takeuchi-48,Hiroto Takeuchi,Tokyo,,JP
fl:ch_ln:liu-1379,Chaopeng Liu,Beijing,,CN
fl:jo_ln:jung-23,Joon-Young Jung,Daejeon,,KR
fl:br_ln:carette-2,Brigitte Carette,Paris,,FR
fl:mi_ln:artinger-1,Michael A. Artinger,Boulder,CO,US
fl:ed_ln:zizminskas-1,Edvinas ZIZMINSKAS,Dublin,CA,US
fl:je_ln:bouchet-6,Jean Bouchet,Troinex,,CH
fl:te_ln:kaneko-13,Tetsuya Kaneko,Yokohama,,JP
fl:an_ln:ferreol-1,Anne Ferreol,Colombes,,FR
fl:mi_ln:rector-1,Mindy Dawn Rector,Bentonville,AR,US
fl:jo_ln:matta-2,Joseph E. Matta,Bel Air,MD,US
fl:hi_ln:tanada-3,Hiroki Tanada,Kariya,,JP
fl:br_ln:brinson-2,Brad D. Brinson,San Francisco,CA,US
fl:se_ln:kwon-94,Se-Ah Kwon,Seoul,,KR
fl:no_ln:kunze-1,Norbert Kunze,Ehringshausen,,DE
fl:al_ln:bulla-1,Alexandre Bulla,Geneva,,CH
fl:vi_ln:benatti-1,Vincenzo Benatti,Cinisello Balsamo,,IT
fl:xu_ln:dong-28,Xue Dong,Beijing,,CN
fl:ju_ln:hirooka-2,Junji Hirooka,Higashimurayama,,JP
fl:si_ln:chawla-1,Sidakpreet Singh Chawla,Jalandhar,,IN
fl:yu_ln:kawamoto-8,Yuka Kawamoto,Yokohama,,JP
fl:fe_ln:wang-87,Feng Wang,Zhaoyuan,,CN
fl:da_ln:cvoric-1,Dalibor Cvoric,Arnhem,,NL
fl:sa_ln:teramoto-3,Satoshi Teramoto,Yokohama,,JP
fl:ha_ln:andersson-10,Hans Andersson,Stockholm,,SE
fl:ka_ln:yamamoto-123,Katsutoshi Yamamoto,Osaka,,JP
fl:wa_ln:feghali-3,Wajdi K. Feghali,Boston,MA,US
fl:ev_ln:seevinck-1,Evert Seevinck,Eersel,,NL
fl:ma_ln:marshall-19,Mary C. Marshall,San Antonio,TX,US
fl:sa_ln:smith-27,Samuel Melvin Smith,Lehi,UT,US
fl:yo_ln:fujii-7,Yosuke Fujii,Sakae,,JP
fl:mu_ln:ishikawa-1,Muriel Y. Ishikawa,Livermore,CA,US
fl:pe_ln:marbach-1,Peter Marbach,Therwil,,CH
fl:br_ln:fox-20,Brian G. Fox,Madison,WI,US
fl:pa_ln:iannone-2,Patrick P. Iannone,Red Bank,NJ,US
fl:zh_ln:sun-126,Zhaohui Sun,Rochester,NY,US
fl:ch_ln:liang-25,Chun-Sheng Liang,埔鹽鄉,,TW
fl:to_ln:yoshizawa-16,Toshio Yoshizawa,,,
fl:ru_ln:schickfluss-1,Rudolf Schickfluss,,,
fl:mi_ln:ignatieu-1,Mikhail Ignatieu,Orange,,FR
fl:su_ln:hiyama-1,Susumu Hiyama,Yokohama,,JP
fl:ka_ln:virtanen-3,Kari Virtanen,Merimasku,,FI
fl:mi_ln:mursch-1,Michael Mursch,Scheyern,,DE
0004z0eq002iqz3t9ecx7l5ml,Paul Barberi,Maurepas,,FR
fl:aj_ln:luthra-1,Ajay Luthra,San Diego,CA,US
fl:ch_ln:vigild-1,Christian Winge Vigild,Aldenhoven,,DE
fl:jo_ln:edwards-71,Joshua Edwards,Philadelphia,PA,US
fl:th_ln:tellinghuisen-1,Thomas J. Tellinghuisen,Pelham,NH,US
fl:ro_ln:colwill-2,Robert Jerome Colwill,Bainbridge Island,WA,US
fl:ri_ln:holub-1,Richard A. Holub,Baton Rouge,LA,US
fl:st_ln:stewart-18,Stephen Stewart,Sydney,,AU
fl:sc_ln:myers-6,Scott A. Myers,San Francisco,CA,US
fl:bj_ln:gunderson-2,Bjorn Gunderson,Chicago,IL,US
fl:hi_ln:kozai-2,Hiroaki Kozai,Kodaira,,JP
fl:st_ln:hirsch-3,Steven B. Hirsch,Middleburg,VA,US
fl:ma_ln:abdelrahman-2,Mahmoud F. Abdel-Rahman,New Garden Township,PA,US
fl:ye_ln:wu-78,Yejun Wu,Wuxi,,CN
fl:cy_ln:shovary-1,Cynthia Ann Shovary,Aurora,OH,US
fl:jo_ln:ellenberger-2,Jonathan Ellenberger,Springfield,MA,US
fl:pr_ln:fick-1,Preston Fick,Austin,TX,US
fl:ja_ln:schukat-1,Jan Schukat,Berlin,,DE
fl:ne_ln:harris-4,Neil Victor Harris,Tilbury,,GB
fl:fa_ln:barbier-1,Fabrice Barbier,Le Mans,,FR
fl:na_ln:kumagai-1,Naoyuki Kumagai,Inazawa,,JP
fl:da_ln:garrett-17,Danny Garrett,Batavia,IL,US
fl:an_ln:schulz-5,Anatol Schulz,Hennigsdorf,,DE
fl:xu_ln:bian-8,Xuqi Bian,Lo Wu,,CN
fl:wa_ln:chen-45,Wan-Chun Chen,Zhubei City,,TW
fl:ca_ln:zimmerman-4,Carey W. Zimmerman,Racine,WI,US
fl:ja_ln:cassoli-2,Jair CASSOLI,Aurich,,DE
fl:ke_ln:belyk-1,Kevin M. Belyk,Metuchen,NJ,US
fl:ro_ln:benkar-1,Rohan Benkar,San Jose,CA,US
fl:jo_ln:sporn-2,Joseph S. Sporn,New York,NY,US
fl:ta_ln:chuman-2,Takashi Chuman,Tsurugashima,,JP
fl:je_ln:powers-14,Jeffrey E. Powers,Bainbridge Island,WA,US
fl:ke_ln:thompson-24,Kenneth O. Thompson,Ravenswood,WV,US
fl:sh_ln:iwama-7,Shinichi Iwama,Higashikurume,,JP
fl:em_ln:sallard-1,Emmanuelle Sallard,Paris,,FR
fl:se_ln:taffler-1,Sean Taffler,Santa Monica,CA,US
fl:ma_ln:awad-4,Mariette Awad,South Burlington,VT,US
fl:je_ln:schmidt-12,Jeffrey C. Schmidt,Orlando,FL,US
fl:cr_ln:noeldner-1,Craig Andrew Noeldner,Seattle,WA,US
fl:er_ln:berger-4,Eric L. Berger,Bakersfield,CA,US
fl:sc_ln:elwood-1,Scott H. Elwood,Edgewood,MD,US
fl:ja_ln:hovis-1,James E. Hovis,Baldwin,PA,US
fl:my_ln:hunukumbure-1,Mythri HUNUKUMBURE,Uxbridge,,GB
fl:er_ln:urdang-1,Erik G. Urdang,Boulder,CO,US
fl:de_ln:kurschner-2,Dennis L. Kurschner,Minnetonka,MN,US
fl:da_ln:yu-50,Daniel Yu,University Park,MD,US
fl:mo_ln:sawada-1,Motoshi Sawada,Tokyo,,JP
fl:sa_ln:srinivasan-17,Saraswathy Srinivasan,Sammamish,WA,US
fl:st_ln:soldin-1,Steven J. Soldin,Bethesda,MD,US
fl:yi_ln:tseng-6,Yi-Ling Tseng,Taoyuan,,TW
fl:yo_ln:matsuda-49,Yoshimoto Matsuda,Kobe,,JP
fl:ro_ln:soler-3,Robert R. Soler,Cocoa Beach,FL,US
fl:hi_ln:ikeda-32,Hidetsugu Ikeda,Sodegaura,,JP
fl:nu_ln:rosly-1,Nur Amalina Rosly,Taiping,,MY
fl:su_ln:lee-469,Su Jin Lee,Daegu,,KR
fl:ta_ln:nara-5,Takashi Nara,Yokohama,,JP
fl:fr_ln:weisenborn-1,Frank L. Weisenborn,Somerville,NJ,US
fl:th_ln:kaiser-5,Thomas Kaiser,Überbach,,DE
fl:br_ln:tockman-1,Bruce A. Tockman,Scandia,MN,US
fl:ma_ln:baker-61,Martin C. Baker,Budd Lake,NJ,US
fl:ho_ln:simionescu-1,Horia Simionescu,Foster City,CA,US
fl:ju_ln:koch-9,Juergen Koch,Schifferstadt,,DE
fl:ko_ln:nose-4,Koichi Nose,Tokyo,,JP
fl:ch_ln:li-887,Chao Li,Tangxia,,CN
fl:er_ln:ruhrnschopf-1,Ernst-Peter Rührnschopf,Erlangen,,DE
fl:wi_ln:bruls-8,Wilhelmus Hendrikus Alfonsus Bruls,Eindhoven,,NL
fl:al_ln:henderson-19,Alex E. Henderson,Hillsborough,CA,US
fl:wa_ln:malkin-2,Wayne Allan Malkin,Fairfield,CA,US
fl:sh_ln:li-490,Shubo Li,Hangzhou City,,CN
fl:hi_ln:watanabe-59,Hiroshi Watanabe,Funabashi,,JP
fl:ha_ln:hsu-68,Hank Hsu,Taipei,,TW
fl:ro_ln:hurd-6,Robert J. Hurd,Chaska,MN,US
fl:hi_ln:nagao-18,Hideki Nagao,Hiroshima,,JP
fl:na_ln:nagashima-3,Nao Nagashima,Yokohama,,JP
fl:ri_ln:todd-3,Richard Simon Todd,Calumet City,IL,US
fl:ge_ln:zhang-60,George(Huanyi) Zhang,Irvine,CA,US
fl:sy_ln:galineau-1,Sylvain P. Galineau,Seattle,WA,US
fl:sa_ln:morinaga-3,Satoshi Morinaga,Tokyo,,JP
fl:ma_ln:oshiro-11,Marc Oshiro,Seattle,WA,US
fl:ji_ln:choi-278,Jinsoo CHOI,Seoul,,KR
fl:ti_ln:hartjes-1,Timothy P. Hartjes,Kimberly,WI,US
fl:da_ln:meyer-50,Daniel Meyer,Downingtown,PA,US
fl:ja_ln:andersson-5,Jan Andersson,Ystad,,SE
fl:de_ln:stephens-2,Dennis L. Stephens,Barrington,IL,US
fl:me_ln:siebert-1,Melissa Siebert,Gulfport,MS,US
fl:er_ln:townsend-4,Eric Christopher TOWNSEND,Chimney Lakes,FL,US
fl:ta_ln:taura-2,Tadayuki Taura,Zushi,,JP
fl:he_ln:gaub-2,Hermann Gaub,Jessenitz Siedlung,,DE
fl:ge_ln:provost-1,George A. Provost,Litchfield,NH,US
fl:da_ln:motov-1,David L. Motov,Apatity,,RU
fl:ho_ln:jaeschke-1,Horst Jaeschke,Imperial,MO,US
fl:bo_ln:cichon-1,Bob A. Cichon,Massillon,OH,US
fl:st_ln:yu-18,Stephanie Yu,Houston,TX,US
fl:su_ln:jung-217,Sunghoon Jung,Seoul,,KR
fl:de_ln:hsu-7,Derek Hsen Dai Hsu,Gainesville,FL,US
fl:ro_ln:crook-2,Ronald J. Crook,Duncan,OK,US
fl:ne_ln:joshi-7,Neeta Joshi,Mumbai,,IN
fl:ku_ln:tzeng-1,Kuo-Hwa Tzeng,Taipei,,TW
fl:sa_ln:khan-54,Sana Fahim Khan,Bellevue,WA,US
fl:ar_ln:henry-2,Arnold W. Henry,Penfield,NY,US
fl:ta_ln:uda-13,Taizo Uda,Ube,,JP
000c0a89h3umx2083c1fhf6sc,Arthur R. Stennett,Tallmadge,OH,US
fl:lu_ln:fanucci-1,Luca Fanucci,Montecatini Terme,,IT
fl:jo_ln:ferrerbeltran-2,Jose M. Ferrer Beltran,València,,ES
fl:an_ln:sundstrom-1,Andrew Sundstrom,Brooklyn,NY,US
fl:sa_ln:ganu-2,Sachin Ganu,Santa Clara,CA,US
fl:ri_ln:schatzberger-1,Richard Schatzberger,Chicago,IL,US
fl:ha_ln:bodin-1,Hans Bodin,Södra Sunderbyn,,SE
fl:sh_ln:o'malley-2,Shawn Michael O'Malley,Glenside,PA,US
fl:ki_ln:cho-59,Ki Hyun Cho,Suwon-si,,KR
fl:ke_ln:shull-2,Kenneth D. Shull,Eden Prairie,MN,US
fl:lu_ln:lopezmoreno-1,Luis Lopez Moreno,Apodaca,,MX
fl:ma_ln:liphardt-2,Martin M. Liphardt,Lincoln,NE,US
fl:yo_ln:yamada-56,Yoshiyuki Yamada,Komaki,,JP
fl:jo_ln:baker-78,Jonathan M. Baker,Boise,ID,US
fl:fr_ln:garbelli-1,Francesco Garbelli,Arcore,,IT
fl:ro_ln:rutledge-2,Robert A. Rutledge,San Jose,CA,US
fl:pa_ln:koptilin-1,Pavel Koptilin,Odesa,,UA
fl:je_ln:jacquinet-1,Jean-Claude Jacquinet,Cesson-Sévigné,,FR
fl:an_ln:auvil-2,Andrew L. Auvil,Brecksville,OH,US
fl:st_ln:hunt-10,Stephen L. Hunt,Indianapolis,IN,US
fl:an_ln:tang-15,Andrew T. K. Tang,Camillus,NY,US
fl:mi_ln:samuel-5,Michael Vincent Samuel,Princeton,NJ,US
fl:ez_ln:darshan-1,Ezra Darshan,Bet Shemesh,,IL
fl:ri_ln:peres-1,Richard Peres,Wiltz,,LU
fl:yu_ln:oda-7,Yuji Oda,Nagasaki,,JP
fl:la_ln:ulander-2,Lars Johan Andreas Ulander,Mölndal,,SE
fl:ky_ln:lee-627,Kyudae Lee,Suwon-si,,KR
fl:ju_ln:takagi-11,Junji Takagi,Kawasaki,,JP
fl:yo_ln:jun-66,Youngkyun Jun,Suwon-si,,KR
fl:mi_ln:alemany-1,Miguel Alemany,Cincinnati,OH,US
fl:ro_ln:wacker-1,Robert L. Wacker,Wellington,OH,US
fl:da_ln:neff-1,Danielle K. Neff,Village of La Jolla,CA,US
fl:yi_ln:wang-136,Yi Wang,Chengdu,,CN
fl:be_ln:harrison-2,Beverly L. Harrison,Palo Alto,CA,US
fl:ba_ln:vanhell-1,Bart Van Hell,Delft,,NL
fl:pa_ln:kalyanapu-1,Patrick Kalyanapu,New York,NY,US
fl:gl_ln:amatucci-1,Glenn G. Amatucci,Peapack,NJ,US
fl:ja_ln:delker-2,Jason R. Delker,Olathe,KS,US
fl:wi_ln:meng-1,Wilson Meng,Dorpsstraat,PA,US
fl:th_ln:mcclellan-3,Thomas A. McClellan,Windsor,ON,CA
fl:gu_ln:weng-7,Guojun Weng,Lo Wu,,CN
fl:ji_ln:park-190,Jin-Sung Park,Atlanta,GA,US
000f0k6brgval6kr9agzjlgcg,Lynda M. Salvetti,Boca Raton,FL,US
fl:yo_ln:son-144,Young-Ran Son,Seoul,,KR
000f3mi5t5lpa1ch45ncsfqtz,Semion H. Mazor,Beer Sheva,,IL
fl:ra_ln:venkataramani-1,Raman Venkataramani,Longmont,CO,US
fl:ya_ln:ko-1,Ya-Ping Ko,Sugar Land,TX,US
fl:vi_ln:ramamoorthy-2,Vimal Ramamoorthy,Hassan,,IN
fl:bo_ln:ormsbee-1,Bowden Ormsbee,Longmont,CO,US
fl:ro_ln:alini-1,Roberto Alini,Pleasanton,CA,US
fl:jo_ln:buysman-2,John Jason Buysman,Minnetonka,MN,US
fl:ru_ln:shi-10,Ruiwen Shi,Nanhu,,CN
fl:ca_ln:phillips-22,Cary Phillips,Moss Beach,CA,US
000fjkbab9nljqyqpy20ktebx,Seved Ahmad Mojahed Gomnam,Irvine,CA,US
fl:sr_ln:punna-1,Sreenivas Punna,Sunnyvale,CA,US
fl:mi_ln:grogan-1,Michael J. Grogan,Winchester,MA,US
fl:mi_ln:moore-11,Michael Edward Moore,Johannesburg,,ZA
fl:ma_ln:horiguchi-17,Mari Horiguchi,Yokohama,,JP
fl:se_ln:jurdana-1,Sergio Jurdana,Blainville,QC,CA
fl:ja_ln:choi-156,Jaeman Choi,Seongnam-si,,KR
fl:ma_ln:barker-12,Mario John Barker,Sydney,,AU
fl:ha_ln:takahashi-28,Haruhiko Takahashi,Yokohama,,JP
fl:ki_ln:han-39,Ki-Young Han,Yongin-si,,KR
fl:jo_ln:puryear-2,John W. Puryear,Tulsa,OK,US
fl:da_ln:murti-1,Dasarao K. Murti,Mississauga,ON,CA
fl:ja_ln:tour-1,James M. Tour,Bellaire,TX,US
fl:pi_ln:payraud-1,Pierre Payraud,Thyez,,FR
fl:te_ln:asayama-1,Tetsuya Asayama,Tokyo,,JP
fl:ka_ln:lee-173,Kang Hyun Lee,Suwon-si,,KR
fl:ma_ln:zeiler-4,Martin Zeiler,Schwäbisch Gmünd,,DE
fl:le_ln:kononov-1,Leon Kononov,Denver,CO,US
fl:mo_ln:sato-1,Moriyuki Sato,Machida,,JP
fl:mo_ln:hassan-32,Morris Hassan,Lakewood,NJ,US
fl:wa_ln:barnette-2,Wayne D. Barnette,Massillon,OH,US
fl:em_ln:watanabe-2,Emi Watanabe,Kyoto,,JP
fl:xi_ln:zhang-560,Xin Zhang,Beijing,,CN
fl:pe_ln:hovell-1,Peter Hovell,Woodbridge,,GB
fl:mi_ln:chen-252,Ming Chen,Hangzhou City,,CN
fl:ar_ln:pun-1,Arthur Fong-Yuen Pun,Raleigh,NC,US
fl:pr_ln:mehta-23,Pranav Mehta,San Jose,CA,US
fl:mi_ln:boraas-1,Michael A. Boraas,Zumbrota,MN,US
000hl8sepandlrjbxh7oea7wh,John Riso,Verona,NJ,US
fl:ar_ln:wojtalik-1,Artur Wojtalik,Katowice,,PL
fl:ta_ln:toida-4,Takumi TOIDA,Yokohama,,JP
fl:st_ln:weinstein-1,Stephen B. Weinstein,Summit,NJ,US
fl:al_ln:hagemeyer-1,Alfred Hagemeyer,Sunnyvale,CA,US
fl:ni_ln:manaresi-2,Nicolò Manaresi,Bologna,,IT
fl:to_ln:konuma-2,Toshimitsu Konuma,Yokohama,,JP
fl:ra_ln:dongara-3,Rajeshwer Dongara,Sayla,,IN
fl:he_ln:huber-5,Helmuth Huber,Gronau,,DE
fl:ro_ln:tench-1,Robert J. Tench,Goleta,CA,US
fl:pa_ln:conlan-1,Patrick Conlan,معلمی نژاد,CA,US
fl:ra_ln:bordawekar-2,Rajesh Bordawekar,Yorktown Heights,NY,US
fl:ha_ln:xu-119,Hao Xu,Cupertino,CA,US
fl:al_ln:lacour-2,Alain P. Lacour,Saint-Maur-des-Fossés,,FR
fl:an_ln:besana-1,Andrea Besana,Seveso,,IT
fl:ma_ln:kanda-11,Masakazu Kanda,Suzuka,,JP
fl:ta_ln:konishi-35,Takayoshi Konishi,Tokyo,,JP
fl:ka_ln:teichert-1,Katrin Teichert,Kaiserslautern,,DE
fl:ji_ln:zhang-632,Jian Zhang,Hangzhou City,,CN
fl:ca_ln:kreuzer-1,Carsten Heinrich Kreuzer,Hofheim,,DE
fl:ya_ln:kanou-4,Yasuaki Kanou,Iseｓaki,,JP
fl:su_ln:kochhar-1,Sunil Kochhar,Savigny,,CH
fl:pi_ln:stenuick-1,Pierre Stenuick,Fontaine-l'Évêque,,BE
fl:ya_ln:akatsuka-1,Yasumasa Akatsuka,Saitama,,JP
fl:ch_ln:yang-1373,Chui Woong Yang,Daejeon,,KR
000jdp4dd6gu6ah3gvb1u0biq,Hiroshi Kuwako,Chiba,,JP
fl:ro_ln:allaire-1,Roger A. Allaire,Big Flats,NY,US
fl:mo_ln:elidrissi-1,Moulay Rachid Elidrissi,Singapore,,SG
fl:cu_ln:chen-26,Cuihong Chen,Zhejiang,,CN
fl:ta_ln:kim-402,Taehyun Kim,Seoul,,KR
fl:mu_ln:krishnan-8,Murali R. Krishnan,Redmond,WA,US
fl:pi_ln:degroef-1,Pierre De Groef,Brussels,,BE
fl:ja_ln:fleischer-1,James F. Fleischer,Scotia,NY,US
fl:he_ln:madan-3,Herb. S. Madan,Santa Monica,CA,US
fl:do_ln:kubicek-1,Donald H. Kubicek,Bartlesville,OK,US
fl:ha_ln:yu-196,Haifeng Yu,Beijing,,CN
fl:ma_ln:muramatsu-5,Makoto Muramatsu,Kochi,,JP
fl:da_ln:skidmore-1,David A. Skidmore,Bluefield,WV,US
fl:mi_ln:habig-1,Michael M. Habig,Cincinnati,OH,US
fl:yu_ln:itou-6,Yuichi Itou,Toyota,,JP
fl:ju_ln:wang-161,Jun Wang,Nanjing,,CN
fl:ra_ln:yarlagadda-2,Ramesh Yarlagadda,San Francisco,CA,US
fl:da_ln:chan-49,Danny Chan,Fremont,CA,US
fl:th_ln:petit-1,Thomas J. Petit,Wilmington,OH,US
fl:da_ln:gist-1,David Ryan Gist,Brooklyn,NY,US
fl:ja_ln:birk-2,Janel A. Birk,Oxnard,CA,US
fl:ja_ln:kong-3,Jackson Chung Peng Kong,Merang,,MY
fl:me_ln:campbell-5,Melody G. Campbell,San Francisco,CA,US
fl:mi_ln:boisclair-1,Michel Boisclair,Saint-Denis-de-Brompton,QC,CA
fl:be_ln:bierbaumer-1,Benjamin Bierbaumer,Lannach,,AT
fl:ja_ln:lindenauer-1,Jay Lindenauer,Seattle,WA,US
fl:zh_ln:shi-37,Zhifeng SHI,Nanchang,,CN
fl:jo_ln:kramer-17,Joachim Ernst Kramer,Pernitz,,AT
fl:yo_ln:kim-627,Youn Tae Kim,Daejeon,,KR
fl:ta_ln:li-34,Tat Wah Li,Kowloon,,CN
fl:pa_ln:bertics-1,Paul J. Bertics,Oregon,WI,US
fl:ju_ln:kwon-38,Jun Seok Kwon,Anyang-si,,KR
fl:ti_ln:ji-7,Tingfang Ji,San Diego,CA,US
fl:iv_ln:lobatohoyos-1,Ivan Pedro Lobato Hoyos,Ekeren,,BE
fl:hi_ln:inoue-62,Hiroshi Inoue,Yokohama,,JP
fl:mu_ln:sawada-3,Munenori Sawada,Suwa,,JP
fl:ke_ln:stockmeier-2,Kevin C. Stockmeier,Marysville,OH,US
fl:ur_ln:sonnewald-1,Ursula Sonnewald,Rang Taché Est,,DK
fl:sh_ln:siddiqui-14,Shahab Siddiqui,Clifton Park,NY,US
fl:ra_ln:kumar-94,Ravinder Kumar,Rohtak,,IN
fl:je_ln:satterfield-2,Jesse Clay Satterfield,Seattle,WA,US
fl:li_ln:wang-449,Lifeng Wang,Tochigi,,JP
fl:pi_ln:furman-1,Piotr Furman,Grójec,,PL
fl:vi_ln:nagarajan-1,Viswanath Nagarajan,San Jose,CA,US
fl:bo_ln:zapletal-1,Bohumila Zapletal,Schreiber,ON,CA
fl:ko_ln:in-1,Kouichi In,Tamba,,JP
fl:mi_ln:gifford-5,Michael F. Gifford,San Jose,CA,US
fl:ja_ln:thompson-32,James M. Thompson,Lake Forest,CA,US
fl:ta_ln:katoh-25,Takao Katoh,Tokyo,,JP
fl:pe_ln:andrews-5,Peter Scott Andrews,Durham,NC,US
fl:se_ln:otsubo-1,Seiichi Otsubo,Utsunomiya,,JP
fl:fa_ln:beteille-1,Fabien Beteille,Paris,,FR
fl:jo_ln:mcmichael-6,Jonathan R. McMichael,Canton,OH,US
fl:ja_ln:chein-1,Jason Shih Shen Chein,Bellevue,WA,US
fl:ja_ln:boggs-2,Janet Boggs,Brownsburg,IN,US
fl:je_ln:merino-1,Jean-Francois Merino,Annecy,,FR
fl:to_ln:matsuda-38,Toru Matsuda,Utsunomiya,,JP
fl:ma_ln:tanaka-91,Masahide Tanaka,Yamaguchi,,JP
fl:wi_ln:starke-3,William J. Starke,Round Rock,TX,US
fl:mi_ln:chih-2,Ming-Hui Chih,New Taipei,,TW
fl:st_ln:sunshine-3,Steven A. Sunshine,Pasadena,CA,US
fl:ji_ln:cho-16,Jin Kyeom Cho,Suwon-si,,KR
fl:jo_ln:ketchum-2,John W. Ketchum,Harvard,MA,US
fl:sh_ln:lin-405,Shu-Hung Lin,New Taipei,,TW
fl:wi_ln:loxsom-1,William Loxsom,Stratford,CT,US
fl:ts_ln:yu-50,Tsung-Hsin Yu,Hsinchu,,TW
fl:la_ln:ames-1,Lawrence L. Ames,San Jose,CA,US
fl:ma_ln:hayakawa-11,Masahiko Hayakawa,Tokyo,,JP
fl:ge_ln:steiniger-1,Gerhard Steiniger,Ronneburg,,DE
fl:vi_ln:chandrasekaran-2,Vinodh Chandrasekaran,Suwanee,GA,US
fl:st_ln:burstrom-1,Stefan Burström,Boden,,SE
fl:pa_ln:burrows-2,Paul E. Burrows,Chattaroy,WA,US
fl:li_ln:du-30,Liang Du,Atlanta,GA,US
fl:mi_ln:mennicken-1,Michael Mennicken,Wimsheim,,DE
fl:ji_ln:clayton-2,Jimmy L. Clayton,Jacksonville,FL,US
fl:mi_ln:kim-311,Minji Kim,Hwaseong-si,,KR
fl:an_ln:roy-16,Anirban Roy,Austin,TX,US
fl:dr_ln:jeremic-1,Dragan Jeremic,Šentvid pri Stični,,SI
fl:ma_ln:rossetti-3,Massimiliano Rossetti,Pescara,,IT
fl:mi_ln:lin-81,Ming-Sheng Lin,Taipei,,TW
fl:al_ln:finn-1,Alan Matthew Finn,Amston,CT,US
fl:mi_ln:hufen-1,Michael Hufen,Wuppertal,,DE
fl:su_ln:chun-22,Sung Duck Chun,Seojong-myeon,,KR
fl:al_ln:goldner-1,Alla Goldner,Nes Ziona,,IL
fl:sh_ln:sato-30,Shinichi Sato,Kawasaki,,JP
fl:fr_ln:klose-1,Frank Klose,Rosenheim,,DE
fl:jo_ln:zupan-1,Joseph Zupan,Whittier,CA,US
fl:mi_ln:anson-1,Michael J. Anson,Jordan,NY,US
fl:ki_ln:suzuki-35,Kiyoshi Suzuki,Tokyo,,JP
fl:yo_ln:kimura-10,Youichi Kimura,Chiba,,JP
fl:em_ln:cooper-4,Emanuel I. Cooper,Scarsdale,NY,US
fl:lu_ln:michas-2,Luke William Michas,Westerly,RI,US
fl:ch_ln:obosu-1,Charles B. Obosu,Nashville,TN,US
fl:we_ln:schiffman-1,Wendela Schiffman,Los Altos,CA,US
fl:ch_ln:cao-111,Chong Cao,San Gabriel,CA,US
fl:al_ln:brooker-1,Alan Thomas Brooker,Newcastle upon Tyne,,GB
fl:no_ln:nambu-1,Nobuyoshi Nambu,Yokkaichi,,JP
fl:te_ln:tang-13,Teng-Yen Tang,New Taipei,,TW
fl:jo_ln:heinke-1,Joel Heinke,Livermore,CA,US
fl:mo_ln:soni-3,Mohit Soni,Gothan,,IN
fl:ka_ln:prevratil-1,Karyne Poissant Prevratil,Fort Worth,TX,US
fl:ge_ln:lysy-1,George C. Lysy,San Diego,CA,US
fl:jo_ln:panigot-1,Joseph E. Panigot,Germantown,MD,US
fl:ke_ln:chan-25,Kevin K. Chan,Staten Island,NY,US
fl:ta_ln:fukuoka-15,Takahiro Fukuoka,Osaka,,JP
fl:fe_ln:schreder-2,Felix Schreder,Oberderdingen,,DE
fl:yu_ln:tanaka-37,Yuji Tanaka,Chikuzen,,JP
fl:ni_ln:damour-2,Nicole Miller Damour,Belmont,MA,US
fl:wi_ln:patterson-6,William R. Patterson,Talbert,CA,US
fl:ko_ln:kaplanis-1,Kostas Kaplanis,Urbana,OH,US
fl:to_ln:nagano-7,Toshihiko Nagano,Yokohama,,JP
fl:de_ln:babin-2,Denis Babin,Georgetown,ON,CA
fl:ho_ln:chen-206,Hongkai CHEN,Zaozhuang,,CN
fl:co_ln:gardner-1,Cornel Lewis Gardner,Romulus,MI,US
fl:in_ln:stuckert-1,Ines C. Stuckert,Grand Island,NY,US
fl:de_ln:wong-19,Denny Wong,Ottawa,ON,CA
000rzeceuzox3ciyjtnl2qzx0,Johannes Adrianes Maria Dofferhoff,Gouda,,NL
fl:sh_ln:saito-18,Shinji Saito,Yokohama,,JP
fl:sh_ln:tsuda-23,Shingo Tsuda,Yokohama,,JP
fl:ja_ln:lewin-2,Jason Lewin,Pipersville,PA,US
fl:yo_ln:namizuka-1,Yoshiyuki Namizuka,Yokohama,,JP
fl:ke_ln:fukushima-16,Keisuke Fukushima,Osaka,,JP
000s9qy0x4l3x4n99bv2a1qn4,April A. Barbour,Centreville,VA,US
fl:je_ln:bernard-11,Jean-Rene Bernard,Tournon-sur-Rhône,,FR
fl:se_ln:schmitt-3,Sebastian Schmitt,Nuremberg,,DE
fl:ku_ln:ulmer-2,Kurt Ulmer,Vancouver,WA,US
fl:ig_ln:skvirsky-1,Igor Skvirsky,Elad,,IL
fl:da_ln:wilson-62,David Matthew Wilson,Harlow,,GB
fl:se_ln:chae-30,Seung Wan Chae,Seojong-myeon,,KR
fl:sr_ln:komarneni-1,Sridhar Komarneni,State College,PA,US
fl:ro_ln:caruso-3,Robert Caruso,Brick,NJ,US
fl:th_ln:loga-1,Thomas Henry Loga,Houston,TX,US
fl:jo_ln:priede-1,Jonas Calleja PRIEDE,Cambridge,,GB
fl:pu_ln:shah-11,Pulkit Shah,Bengaluru,,IN
fl:ma_ln:imafuku-2,Masayuki Imafuku,Tokyo,,JP
fl:da_ln:basulto-1,David Basulto,San Gabriel,CA,US
fl:mi_ln:huang-125,Ming-Zheng Huang,Hsinchu,,TW
fl:xi_ln:wu-313,Xin Wu,Beijing,,CN
fl:so_ln:carlson-1,Sonia P. Carlson,Redmond,WA,US
fl:ro_ln:waggener-1,Robert G. Waggener,San Antonio,TX,US
fl:ka_ln:sawada-27,Kazuhide Sawada,Settsu,,JP
fl:ju_ln:sauer-5,Jude S. Sauer,Pittsford,NY,US
fl:ro_ln:brill-2,Robert Brill,Golden,CO,US
fl:ka_ln:fink-4,Kaitlin Elizabeth FINK,Lakewood,CO,US
fl:po_ln:lin-79,Po-Kang Lin,Taipei,,TW
fl:ke_ln:jeffcoat-2,Keith Jeffcoat,Nuneaton,,GB
fl:ch_ln:ulrich-1,Christoph Ulrich,Kratzenburg,,DE
fl:ke_ln:kim-115,Kevin Weejoung Kim,Vista,CA,US
fl:eu_ln:kim-77,Eun Kyung Kim,Daejeon,,KR
fl:ma_ln:sperling-4,Matthew Niven Sperling,Tecate Mission Road,CA,US
000ua1xlntucefomeaptsceea,"William Mark Flintoff, Jr.",Boca Raton,FL,US
fl:da_ln:weitz-1,David A. Weitz,Bolton,MA,US
fl:be_ln:pelletier-5,Benoit Pelletier,Calgary,AB,CA
fl:jo_ln:lee-390,Jong S. Lee,Pittsford,NY,US
fl:sh_ln:nakamura-89,Shigeru Nakamura,Yamakita,,JP
fl:jo_ln:daniel-22,John Daniel,Fremont,CA,US
fl:ke_ln:ito-37,Kenji Ito,Hino,,JP
fl:st_ln:sigurjonsson-3,Styrmir Sigurjonsson,San Jose,CA,US
fl:gi_ln:yuval-1,Gideon A. Yuval,Mercer Island,WA,US
fl:ja_ln:lee-305,James S. W. Lee,New York,NY,US
fl:da_ln:johnston-32,David F. Johnston,Arlington,MA,US
fl:ro_ln:macneill-1,Robert MacNeill,Hoffman,NJ,US
fl:al_ln:watfa-1,Allie K. Watfa,Urbana,IL,US
fl:yi_ln:zheng-23,Ying Zheng,Sammamish,WA,US
fl:ch_ln:wu-293,Chia-Chin Wu,Taichung,,TW
fl:ma_ln:stocker-3,Mark Andrew Stocker,Northampton,,GB
fl:an_ln:mansencal-1,Antoine Mansencal,Langon,,FR
fl:yo_ln:kobayashi-77,Youhei Kobayashi,Yamanashi,,JP
fl:fr_ln:duhay-1,Francis G. Duhay,Irvine,CA,US
fl:hu_ln:thompson-4,Hugh A. Thompson,Lancaster,OH,US
fl:ji_ln:lee-73,Ji Hyun Lee,Suwon-si,,KR
fl:fl_ln:cosandier-1,Florent Cosandier,Colombier,,CH
fl:ra_ln:wynn-2,"Ray Wynn, Jr.",Mundelein,IL,US
fl:ma_ln:tell-2,Mayo B. Tell,Asheville,NC,US
fl:ki_ln:kovi-1,Kiran Kumar Kovi,Lisle,IL,US
fl:hi_ln:iimura-1,Hiroshi Iimura,Tokyo,,JP
fl:ga_ln:rayburn-1,Gary L. Rayburn,Norman,OK,US
fl:ma_ln:kupryushkin-1,Maxim Kupryushkin,Kemerovo,,RU
fl:jo_ln:mola-2,Jordi Mola,Bellevue,WA,US
fl:ni_ln:stebbins-2,Nicholas David Stebbins,Clark,NJ,US
fl:we_ln:ji-29,Wei Ji,San Jose,CA,US
fl:he_ln:candello-1,Heloisa Caroline De Souza Pereira Candello,Hortolândia,,BR
fl:ro_ln:chaput-3,Robert Chaput,Tyndall,MB,CA
fl:jo_ln:kim-196,Jong Ho Kim,Buk-myeon,,KR
fl:to_ln:edwards-1,Todd S. Edwards,League City,TX,US
fl:jo_ln:baldridge-2,John W. Baldridge,Newport Beach,CA,US
fl:ji_ln:wu-468,Jianlong Wu,流花街道,,CN
fl:ju_ln:barthelme-3,Juergen Barthelme,Grettstadt,,DE
fl:to_ln:woolf-1,Tod M. Woolf,Sudbury,MA,US
fl:sh_ln:vandermerwe-1,Shawn Van Der Merwe,Calgary,AB,CA
fl:ji_ln:gu-59,Ji-An Gu,Changwon-si,,KR
fl:al_ln:knoch-2,Alexander Knoch,Lohmar,,DE
fl:jo_ln:kang-44,Jong Hyuk KANG,Yongin-si,,KR
fl:pe_ln:silbernagel-1,Peter Silbernagel,Ochtrup,,DE
fl:ri_ln:beaver-4,Richard James Beaver,Church Stretton,,GB
fl:da_ln:mies-1,David Mies,Mahomet,IL,US
fl:yo_ln:ling-1,Youguo LING,Shanghai,,CN
fl:ku_ln:chen-263,Kuei-Yuan Chen,New Taipei,,TW
fl:ma_ln:yamada-53,Masataka Yamada,Tokyo,,JP
fl:hi_ln:uemura-17,Hiroshi Uemura,Zushi,,JP
fl:ch_ln:cheng-471,Chi Wah Cheng,Tsuen Wan,,CN
fl:os_ln:sengoku-1,Osamu Sengoku,Tokyo,,JP
fl:ma_ln:kern-24,Manfred Kern,Nierstein,,DE
fl:ho_ln:zhang-135,Hongrong Zhang,Taiyuan,,CN
fl:di_ln:haerle-1,Dieter Haerle,Villach,,AT
fl:hy_ln:kwon-188,Hyuk Joon Kwon,San Diego,CA,US
fl:ak_ln:yokawa-1,Akira Yokawa,Osaka,,JP
fl:ti_ln:jrgensen-2,Tino Dyhring Jørgensen,Greve Strand,,DK
fl:na_ln:kim-43,Nam Gyu Kim,Daejeon,,KR
fl:to_ln:nishimoto-3,Tomohisa Nishimoto,Ibaraki,,JP
fl:jo_ln:carter-28,John L. Carter,Berkeley,CA,US
fl:pe_ln:tu-11,Peter Tu,Long Beach,CA,US
fl:ha_ln:takeda-7,Haruo Takeda,Kawasaki,,JP
fl:ch_ln:shimizu-8,Chiyuki Shimizu,Shibukawa,,JP
fl:fr_ln:coms-1,Frank D. Coms,Fairport,NY,US
fl:tu_ln:le-27,Tuan D. Le,Minneapolis,MN,US
fl:ya_ln:lai-18,Ya-Chieh Lai,Mountain View,CA,US
fl:ge_ln:davis-46,George Davis,Nashville,TN,US
fl:sh_ln:yokoyama-2,Shigeyuki Yokoyama,Yokohama,,JP
fl:h._ln:morgan-1,H. William Morgan,Bellefonte,PA,US
fl:li_ln:gardner-3,Linda S. Gardner,Saratoga,CA,US
fl:hi_ln:yamaguchi-20,Hideaki Yamaguchi,Iwakuni,,JP
fl:pe_ln:huse-1,Per Huse,Haslum,,NO
fl:yu_ln:takita-5,Yutaka Takita,Kawasaki,,JP
fl:ja_ln:staron-3,James A. Staron,Cleveland,OH,US
fl:ch_ln:chen-208,Chieh-Fang Chen,Taipei,,TW
fl:th_ln:young-20,Thomas Young,New York,NY,US
fl:al_ln:bourdais-1,Aline Bourdais,Moissy-Cramayel,,FR
fl:pa_ln:thayer-6,Paul R. Thayer,Fort Collins,CO,US
fl:gu_ln:sandhu-15,Gurtej S. Sandhu,Boise,ID,US
fl:ru_ln:seiber-2,Russell A. Seiber,Cullowhee,NC,US
fl:ni_ln:chavoshi-1,Nikan Chavoshi,Redwood City,CA,US
fl:je_ln:canady-1,Jerome Canady,Lakeland,FL,US
fl:ga_ln:elder-1,Garry Elder,Spratton,,GB
fl:mi_ln:son-34,Min Su SON,Suneung-ri,,KR
fl:th_ln:strasserkrauss-1,Thomas Strasser-Krauss,Graz,,AT
fl:jo_ln:tuttle-6,John R. Tuttle,Boulder,CO,US
fl:te_ln:tanimoto-5,Tetsurou Tanimoto,Kariya,,JP
fl:ed_ln:peire-1,Eduardo Peire,Darmstadt,,DE
fl:je_ln:choi-156,Jeong Choi,Suwon-si,,KR
fl:ha_ln:sakaguchi-1,Haruo Sakaguchi,Nishitokyo,,JP
fl:sh_ln:iwahara-1,Shojiro Iwahara,Samukawa,,JP
fl:yo_ln:ogawa-15,Yoshihiko Ogawa,Yokohama,,JP
fl:ya_ln:ma-108,Yanzhuo Ma,Dongguan,,CN
fl:ch_ln:hayashi-10,Chihiro Hayashi,Namekata,,JP
fl:lu_ln:pavesi-1,Luciana Pavesi,Parma,,IT
fl:yu_ln:fujiwara-9,Yuji Fujiwara,Hamamatsu,,JP
fl:er_ln:stern-6,Erica Stern,New York,NY,US
fl:ku_ln:yamamoto-12,Kunitoshi YAMAMOTO,Yokohama,,JP
fl:me_ln:beveridge-1,Meredith Beveridge,Morrison,CO,US
fl:ch_ln:garg-4,Chaya Garg,Plymouth,MN,US
fl:ro_ln:seymour-10,Robert John Seymour,Ossining,NY,US
fl:ti_ln:carle-1,Tiffany CARLE,Addison,TX,US
fl:ti_ln:buck-1,Timothy Merrill Buck,Oakdale,MN,US
fl:pi_ln:li-38,Pingshan Li,Sunnyvale,CA,US
fl:vo_ln:aue-1,Volker Aue,Dortmund,,DE
fl:ja_ln:young-29,James A. Young,Cupertino,CA,US
fl:hi_ln:matsuura-26,Hideki Matsuura,Kyoto,,JP
fl:ch_ln:su-187,Cheng-Wei Su,Taichung,,TW
fl:ma_ln:weiss-22,Matthias WEISS,Chur,,CH
fl:to_ln:ochiai-8,Toru Ochiai,Matsudo,,JP
fl:ch_ln:huang-466,Chien-Hsun Huang,New Taipei,,TW
fl:mu_ln:meetze-1,"Murray O. Meetze, Jr.",Rochester,NY,US
fl:jo_ln:masterson-8,Joseph Masterson,Issaquah,WA,US
0012xd77vu26r5ij34ouqupie,William Tanasychuk,Rossburn,MB,CA
fl:ro_ln:hanson-17,Robert L. Hanson,Grosse Pointe Park,MI,US
fl:ja_ln:mcnamara-1,Jason McNamara,Knock,,IE
fl:qi_ln:wang-271,Qingping Wang,Kirkland,QC,CA
fl:ph_ln:bennett-2,Phillip D. Bennett,Cleveland Heights,OH,US
fl:da_ln:verheyden-2,Danny Willy August Verheyden,Gelrode,,BE
fl:do_ln:attanasio-1,Dominique Attanasio,Stafford,,GB
fl:vi_ln:mercier-1,Virginie Mercier,Eindhoven,,NL
fl:se_ln:hong-163,Seung D. Hong,Daejeon,,KR
fl:th_ln:benvegnu-1,Thierry Benvegnu,Rennes,,FR
fl:pe_ln:nelson-8,Peter H. Nelson,Los Altos,CA,US
fl:be_ln:ziegler-5,Bernd Ziegler,Ludwigshafen,,DE
fl:gi_ln:spadini-2,Gianpaolo Spadini,Scotts Valley,CA,US
fl:ru_ln:xie-13,Ruilong Xie,Niskayuna,NY,US
fl:fa_ln:pucci-1,Fabrizio Pucci,Castel Guelfo di Bologna,,IT
fl:jo_ln:baker-24,John Maxwell Baker,Seattle,WA,US
fl:ch_ln:stich-2,Christian M. Stich,Leutershausen,,DE
fl:te_ln:desaulniers-1,Ted Desaulniers,Keyano,QC,CA
fl:kh_ln:bataineh-1,Khaldoun Bataineh,Austin,TX,US
fl:da_ln:anderson-91,David M. Anderson,Temecula,CA,US
fl:ke_ln:wilkes-1,Kevin Wood Wilkes,Greenville,SC,US
fl:yu_ln:lee-176,Yuan Xing Lee,San Jose,CA,US
fl:ja_ln:sabde-1,Jagdish Sabde,Fremont,CA,US
fl:to_ln:kosuda-1,Tooru Kosuda,Okazaki,,JP
fl:tr_ln:hurd-3,Trace Hurd,Plano,TX,US
fl:di_ln:offenberg-1,Dirk Offenberg,Dresden,,DE
fl:sv_ln:lamprecht-1,Sven Lamprecht,Berlin,,DE
fl:ta_ln:ohnuki-6,Tatsuya Ohnuki,Yokohama,,JP
fl:ry_ln:terry-1,Rylan J. Terry,Clemson,SC,US
fl:ju_ln:reingen-1,Jürgen Reingen,Eppingen,,DE
fl:ka_ln:hehle-1,Karl Mathias Hehle,Pöchlarn,,AT
fl:ka_ln:shimomura-10,Kazuya Shimomura,Utsunomiya,,JP
fl:ky_ln:ford-4,Kyle Ford,Carpinteria,CA,US
fl:ch_ln:tarapata-2,Chris Tarapata,North Andover,MA,US
fl:hi_ln:egilmez-1,Hilmi Enes Egilmez,San Diego,CA,US
fl:ph_ln:pagnier-1,Philippe PAGNIER,Rueil-Malmaison,,FR
fl:ma_ln:kuhl-6,Marcus L. Kuhl,Cedar Falls,IA,US
fl:mi_ln:james-22,Michael James,Vista,CA,US
fl:mi_ln:wiseman-3,Michael A. Wiseman,Elkhart,IN,US
fl:to_ln:nishihara-5,Tokihiro Nishihara,Tokyo,,JP
fl:da_ln:poirier-4,Dave Poirier,Bradenton,FL,US
fl:ri_ln:crisp-2,Richard Dewitt Crisp,Hornitos,CA,US
fl:vl_ln:iltchenko-1,Vladimir Iltchenko,Tustin,CA,US
fl:ja_ln:hanlon-8,James G. Hanlon,Camarillo,CA,US
fl:th_ln:kimble-1,Thomas E. Kimble,Covington,KY,US
fl:ja_ln:bryzek-2,Janusz Bryzek,Oakland,CA,US
fl:cl_ln:feger-1,Claudius Feger,Rio de Janeiro,,BR
fl:er_ln:losty-1,Eric J. Losty,Fort Lupton,CO,US
fl:bo_ln:dobbins-1,Bob M. Dobbins,Villanova,PA,US
fl:fr_ln:sterber-1,Frank W. Sterber,Farmingdale,NY,US
fl:si_ln:yang-79,Siying Yang,Cupertino,CA,US
fl:yi_ln:chang-98,Yi-Hsien Chang,埔鹽鄉,,TW
fl:an_ln:verenchikov-1,Anatoly N. Verenchikov,Saint Petersburg,,RU
fl:br_ln:fang-1,Brian Fang,Milpitas,CA,US
fl:st_ln:anctil-1,Stephen N. Anctil,Rochester,NH,US
fl:ke_ln:song-5,Kee-Bong Song,San Diego,CA,US
fl:jo_ln:godbaz-1,John Peter Godbaz,Mountain View,CA,US
fl:jo_ln:matear-1,Jonathan Matear,Antrim,,GB
fl:bo_ln:asmussen-1,Bodo Asmussen,Bendorf,,DE
fl:ni_ln:baurain-1,Nicolas Baurain,London,,GB
fl:br_ln:wall-6,Brian Wall,Almonte,ON,CA
fl:fe_ln:garcia-21,"Felix Garcia, Jr.",Garland,TX,US
fl:ji_ln:tong-21,Jiancheng Tong,Cixi City,,CN
fl:ji_ln:zhu-407,Jiarui Zhu,Zhongshan,,CN
fl:ra_ln:gavas-1,Rahul Dasharath Gavas,Sherghati,,IN
fl:ji_ln:park-337,Jintaek Park,Pyeongtaek-si,,KR
fl:pa_ln:dlugosch-1,Paul Dlugosch,Eagle,ID,US
fl:ka_ln:tsuchida-22,Kazuhiro Tsuchida,Annaka City,,JP
fl:ed_ln:lomax-1,Edwin D. Lomax,Satsuma,AL,US
fl:de_ln:oxley-2,Derek Oxley,Chandler,AZ,US
fl:ti_ln:swatosh-1,Timothy Swatosh,Rochester,MN,US
fl:ke_ln:kanota-1,Keiji Kanota,Yokohama,,JP
fl:er_ln:hamby-1,Eric S. Hamby,Fairport,NY,US
fl:jo_ln:brown-72,Jonathan W. Brown,Westhill,,GB
fl:di_ln:gowda-1,Dinesh Kapani Gowda,Delray Beach,FL,US
fl:ed_ln:ostlinning-1,Edgar Ostlinning,Goldkronach,,DE
fl:ka_ln:aihara-11,Katsuaki Aihara,Yokohama,,JP
fl:jo_ln:eckrich-2,Jörg Eckrich,Wiesbaden,,DE
fl:ma_ln:miller-129,Mark Miller,Houston,TX,US
fl:ta_ln:lee-57,Tae Jin LEE,Daejeon,,KR
fl:am_ln:springer-1,Amy L. Springer,Seattle,WA,US
fl:sh_ln:uehara-13,Shuji Uehara,Yokohama,,JP
fl:an_ln:hrycin-1,Anna L. Hrycin,Rochester,NY,US
fl:je_ln:brede-1,Jeffrey Brede,Eden Prairie,MN,US
fl:mo_ln:parthasarathy-1,Mohan Parthasarathy,Cupertino,CA,US
fl:va_ln:griffiths-1,Vaughn A. Griffiths,North Logan,UT,US
fl:zh_ln:cai-16,Zhen-Wei Cai,Montgomery,NJ,US
fl:ad_ln:zambova-1,Adriana P Zambova,Midland,MI,US
fl:da_ln:wishin-1,David J. Wishin,Marysville,OH,US
fl:ho_ln:chen-36,Howard E. Chen,San Jose,CA,US
fl:mi_ln:blaney-1,Michael P. Blaney,Rotonda,FL,US
fl:mi_ln:silvanto-3,Mikael Silvanto,San Francisco,CA,US
fl:an_ln:narula-1,Anubhav P. S. Narula,Hazlet,NJ,US
fl:cl_ln:kucharski-1,Cliff Kucharski,Austin,TX,US
fl:ja_ln:gilley-1,Jason Corbett Gilley,Orange,CA,US
fl:hy_ln:kang-159,Hyun Chul KANG,Daejeon,,KR
fl:mi_ln:yeh-39,Ming-Hsi Yeh,Hsinchu,,TW
fl:fu_ln:tien-1,Fu-Kang Tien,Baoshan,,TW
fl:pa_ln:estrier-1,Pascal Estrier,Yvetot,,FR
fl:ke_ln:imai-15,Kenji Imai,Chiba,,JP
fl:th_ln:paoli-2,Thomas L. Paoli,Los Altos,CA,US
fl:ki_ln:song-59,Ki-Hoon Song,Daega-myeon,,KR
fl:ge_ln:paulik-1,George Paulik,Rochester,MN,US
fl:je_ln:dennes-1,Jeff Dennes,San Antonio,TX,US
fl:li_ln:lu-69,Lida Lu,Dorpsstraat,PA,US
0019gsqdwzr3c68483mkfspl8,Mahoko Motoike,Tokyo,,JP
fl:st_ln:dunn-9,Steven Bryan Dunn,Beverly Hills,CA,US
fl:ri_ln:vaccarella-1,Richard M. Vaccarella,Raritan,NJ,US
fl:yi_ln:chen-398,Yingwei Chen,Briarcliff Manor,NY,US
fl:ry_ln:masuda-6,Ryohei MASUDA,Sakai,,JP
fl:pe_ln:franaszek-1,Peter A. Franaszek,Campion Road,NY,US
fl:ha_ln:inagaki-2,Hajime Inagaki,Yokohama,,JP
fl:ro_ln:hyde-1,Roderick A. Hyde,Redmond,WA,US
fl:hi_ln:morita-22,Hideaki Morita,Oshima,,JP
fl:ro_ln:maerkl-1,Robert Maerkl,,,
fl:jo_ln:spagua-1,Joe Spagua,Berlin,CT,US
fl:ji_ln:yao-54,Jimmin Yao,Fremont,CA,US
fl:no_ln:nogami-1,Noriaki Nogami,Tokyo,,JP
fl:ke_ln:sampson-3,Kevin Sampson,Toronto,ON,CA
fl:go_ln:alves-2,Goldino Alves,South Windsor,CT,US
fl:hi_ln:gunji-2,Hiroyuki Gunji,Hitachi,,JP
fl:ba_ln:mansoorian-2,Barmak Mansoorian,Los Angeles,CA,US
fl:ri_ln:jernigan-2,"Richard P. Jernigan, IV",Hopewell Township,PA,US
fl:mi_ln:maher-6,Michael D. Maher,Hutchinson,MN,US
fl:fr_ln:rouyet-1,Francois Rouyet,Clermont-Ferrand,,FR
fl:yu_ln:wei-65,Yulong Wei,Beijing,,CN
fl:ta_ln:sakai-44,Tadashi Sakai,Yokohama,,JP
fl:pr_ln:shankar-7,Prabhu Shankar,Oshkosh,WI,US
fl:hi_ln:matsumoto-39,Hitoshi Matsumoto,Samukawa,,JP
fl:pi_ln:groshens-1,Pierre Groshens,Péronne,,FR
001b693sja7ypgwm2mc34xrtp,"Robert C. Parro, II",Rockford,IL,US
fl:fr_ln:schlesener-1,Frank Schlesener,Oberkochen,,DE
fl:sc_ln:henderson-1,Scott Andrew Henderson,Cockatoo,,AU
fl:fr_ln:eisert-1,Frank Eisert,Aalen,,DE
fl:le_ln:williamson-2,Leigh Williamson,Austin,TX,US
fl:hu_ln:zhao-18,Huasheng Zhao,Shanghai,,CN
fl:ko_ln:hasegawa-15,Koh Hasegawa,Yokohama,,JP
fl:fr_ln:stahlecker-1,Fritz Stahlecker,Geislingen an der Steige,,DE
fl:ge_ln:banke-1,"George W. Banke, Jr.",South Burlington,VT,US
fl:ra_ln:bakthavachalam-1,Ramachandran Bakthavachalam,Dublin,CA,US
fl:ri_ln:zhang-8,Richard Zhang,Riviera Beach,FL,US
fl:we_ln:yan-44,Wei Yan,Guangxi,,CN
fl:da_ln:goertzen-2,Daniel M. Goertzen,Winnipeg,MB,CA
fl:su_ln:jung-52,Sung-kyu Jung,Seongnam-si,,KR
fl:pa_ln:spooner-1,Patrick McCoy Spooner,Slingerlands,NY,US
fl:ja_ln:bolmgren-1,Jan Bolmgren,Sundbyberg,,SE
fl:fr_ln:lu-10,Frank Lu,San Mateo,CA,US
fl:ka_ln:missoum-1,KARIM MISSOUM,Pusignan,,FR
fl:ma_ln:bertrand-5,"Marvin Ralph Bertrand, Jr.",Louisville,KY,US
fl:mo_ln:anderson-3,Molly Anderson,San Francisco,CA,US
fl:yu_ln:koiso-1,Yuichi Koiso,Tokyo,,JP
fl:jo_ln:hershey-2,John R. Hershey,Winchester,MA,US
fl:hi_ln:taka-3,Hideo Taka,Inagi,,JP
fl:lo_ln:steen-1,Louis Steen,Atkinson,NH,US
fl:ro_ln:gattuso-1,Roberto Gattuso,Cambridge,,GB
fl:xi_ln:liu-420,Xiaojia Liu,Garland,TX,US
fl:jo_ln:vincent-30,Jonathan Vincent,San Francisco,CA,US
fl:ka_ln:kumar-33,Karthik Kumar,Chandler,AZ,US
fl:je_ln:folkins-2,Jeffrey J. Folkins,Rochester,NY,US
fl:hi_ln:takahashi-78,Hiroshi Takahashi,Hiroshima,,JP
fl:al_ln:mceachern-2,Alexander McEachern,Oakland,CA,US
fl:mi_ln:lim-11,Min Suet Lim,Kampung Bukit Kechil,,MY
fl:zh_ln:qiu-62,Zhiming Qiu,Ningbo City,,CN
fl:ro_ln:owens-17,Robert L. Owens,Marion,CT,US
fl:an_ln:houbraken-2,Anna M. W. P. Houbraken,Enkhuizen,,NL
fl:ro_ln:maslennikov-1,Roman Maslennikov,Nizhny Novgorod,,RU
fl:an_ln:banks-1,Anton G. Banks,Manchester,CT,US
fl:be_ln:dittmer-1,Bernd Dittmer,Ludwigsburg,,DE
fl:al_ln:ring-1,Allan Ring,Kiryat Malachi,,IL
fl:ic_ln:tachino-1,Ichiro Tachino,Kitakyushu,,JP
fl:ro_ln:mease-2,Ronnie C. Mease,Fairfax,VA,US
fl:ro_ln:blackwell-3,Robert E. Blackwell,Denison,TX,US
fl:ay_ln:higuchi-2,Ayumi HIGUCHI,Kyoto,,JP
fl:br_ln:valdes-1,Bruno A. Valdes,Sunnyvale,CA,US
fl:su_ln:kwon-52,Sun-Duc Kwon,Cheonan-si,,KR
fl:ch_ln:manjunath-3,Chinmaya Manjunath,San Jose,CA,US
fl:ro_ln:fackler-1,Robert L. Fackler,Ephrata,PA,US
fl:nu_ln:martingarcia-1,Nuria Martín García,València,,ES
fl:os_ln:yamazaki-1,Osamu Yamazaki,Toyonaka,,JP
fl:bo_ln:chen-46,Bo-Hao Chen,Taipei,,TW
fl:ya_ln:sato-11,Yasumasa Sato,Tampere,,FI
fl:ch_ln:nishio-3,Chikara Nishio,Kawasaki,,JP
fl:ja_ln:sung-30,Janmye Sung,Taipei,,TW
fl:an_ln:champagne-4,Andrew F. Champagne,Ware,MA,US
fl:ha_ln:azechi-1,Haruka AZECHI,Nagoya,,JP
fl:yo_ln:ito-14,Yoshitomo Ito,Chiyoda,,JP
fl:an_ln:papay-1,Andrew G. Papay,Manchester,MO,US
fl:vo_ln:knoblauch-1,Volker Knoblauch,Stuttgart,,DE
fl:an_ln:putaggio-1,Andrea Putaggio,Milano,,IT
fl:je_ln:windom-1,Jeff J. Windom,Tallapoosa,GA,US
fl:li_ln:ke-3,Ling-Wei Ke,Danei,,TW
fl:kj_ln:ekman-2,Kjell Ferdinand Ekman,Los Angeles,CA,US
fl:go_ln:bartels-2,Gosen B. H. Bartels,Aalsmeer,,NL
fl:yu_ln:tashiro-2,Yuuji Tashiro,Saitama,,JP
fl:el_ln:hertzenberg-1,Elliot P. Hertzenberg,Wilmington,DE,US
fl:ch_ln:jou-2,Chewn-Pu Jou,Hsinchu,,TW
fl:lu_ln:vegazayas-1,Luis R. Vega Zayas,Midland School,CA,US
fl:se_ln:gadelrab-1,Serag Gadelrab,Markham,ON,CA
fl:jo_ln:castinado-1,Joseph Benjamin Castinado,Northglenn,CO,US
fl:ja_ln:lee-489,Jae Gon Lee,Singapore,,SG
fl:mi_ln:frankel-4,Michael Y. Frankel,Baltimore,MD,US
fl:ja_ln:juto-1,Jan-Erik Juto,Stockholm,,SE
fl:re_ln:mast-2,Rexford R. Mast,Wooster,OH,US
fl:ak_ln:kondo-1,Akihiko Kondo,Kobe,,JP
fl:ba_ln:sterman-1,Baruch Sterman,Beer Sheva,,IL
fl:to_ln:yoshimura-15,Toshiteru Yoshimura,Aki,,JP
fl:ra_ln:altamimi-1,Rashid Mohammed Altamimi,Riyadh,,SA
fl:ge_ln:zhang-28,Geoffrey Zhang,Allentown,PA,US
fl:ro_ln:albright-8,Robert L. Albright,Nazareth,PA,US
fl:ru_ln:huang-124,Rundong Huang,Saratoga,CA,US
fl:ma_ln:simon-16,Marc Simon,Whitefish Bay,WI,US
fl:ju_ln:nam-51,Jung Hak Nam,Seoul,,KR
fl:jo_ln:kim-505,Jonggap Kim,Hadano,,JP
fl:bo_ln:nam-10,Bohyun Nam,Seoul,,KR
fl:zs_ln:szombathelyi-1,Zsolt Szombathelyi,Budapest,,HU
fl:li_ln:chen-451,Lien-Hsun Chen,Taipei,,TW
fl:ke_ln:ariyama-1,Kenzo Ariyama,Yokohama,,JP
fl:ta_ln:hyodo-2,Takehiko Hyodo,Kobe,,JP
fl:sh_ln:nakanishi-21,Shinji Nakanishi,Toyota,,JP
fl:ta_ln:aoki-64,Takanobu Aoki,Ibaraki,,JP
fl:wi_ln:breimeier-1,Witalij Breimeier,Hessental,,DE
fl:ch_ln:tanaka-6,Chiaki Tanaka,Nanbu,,JP
fl:we_ln:hsu-149,Wen-Chieh Hsu,Daxi District,,TW
fl:fu_ln:ninomiya-1,Fujio Ninomiya,Miyoshi,,JP
fl:ha_ln:ostling-2,Hans Martin Ostling,,,
fl:sa_ln:home-1,Sandra Home,Plano,TX,US
fl:mi_ln:zinn-3,Michael R. Zinn,Pleasanton,CA,US
fl:je_ln:diard-1,Jean-Luc Diard,Annecy,,FR
fl:sw_ln:buccapatnamtirumala-1,Swapna Buccapatnam Tirumala,Princeton,NJ,US
fl:we_ln:liao-139,Wen P. Liao,Daxi District,,TW
fl:jo_ln:choi-13,Jong-Deok Choi,Mount Kisco,NY,US
fl:ed_ln:rodriguez-29,Edward Rodriguez,Reading,MA,US
fl:mi_ln:wang-361,Mid Wang,Hong Kong,,CN
fl:ta_ln:doi-34,Takayoshi Doi,Ichikawa,,JP
fl:da_ln:elmaleh-1,David R. Elmaleh,Newton,MA,US
fl:ta_ln:okamoto-36,Takeshi Okamoto,Kyoto,,JP
fl:ry_ln:ogg-1,Ryan Clayton Ogg,Kitchener,ON,CA
fl:do_ln:ramm-1,Dov Ramm,Gdera,,IL
fl:je_ln:bell-2,"Jerome R. Bell, Jr.",Hiram,GA,US
fl:je_ln:hawkins-10,Jeffrey C. Hawkins,Redwood City,CA,US
fl:da_ln:jennings-16,David Jennings,Santa Cruz,CA,US
fl:se_ln:katayama-5,Seiji Katayama,Kariya,,JP
fl:no_ln:iwai-7,Nobuyuki Iwai,Chita,,JP
001iuvzip3ycjle3voaj2xm09,Claude-Daniel Proellochs,Neuchâtel,,CH
fl:ma_ln:ghanizadehgrayli-1,Mannan Ghanizadehgrayli,Galugah,,IR
fl:ma_ln:tsuji-33,Masao Tsuji,Germantown,TN,US
fl:be_ln:aspar-1,Bernard Aspar,Voiron,,FR
fl:pa_ln:kutch-1,Patrick G. Kutch,Tigard,OR,US
fl:da_ln:bajune-1,David E. Bajune,Sanford,FL,US
fl:al_ln:cahill-3,Alan R. Cahill,Clayton,MO,US
fl:ka_ln:oya-7,Kazufumi Oya,Suwa,,JP
fl:su_ln:park-355,Sungho Park,Madison,WI,US
fl:le_ln:witt-1,Leslie Rae Witt,Mountain View,CA,US
fl:wa_ln:chan-20,Wai Shun Wilson Chan,San Francisco,CA,US
fl:yo_ln:ariasthode-1,Yolanda Meriah Arias-Thode,San Diego,CA,US
fl:sy_ln:ali-40,Syed A. Ali,Sugar Land,TX,US
fl:ve_ln:hodnik-1,Vesna HODNIK,Žabnica,,SI
fl:da_ln:ladret-1,Daniel Ladret,Le Pont-de-Claix,,FR
fl:ch_ln:schlunke-1,Christopher K. Schlunke,Joondalup,,AU
fl:mi_ln:trennepohl-1,Michael Dale Trennepohl,Cincinnati,OH,US
fl:in_ln:geuens-1,Ingrid Geuens,Emblem,,BE
fl:ts_ln:kato-14,Tsuyoshi Kato,Toulouse,,FR
fl:ta_ln:semingson-1,Taylor Semingson,San Diego,CA,US
fl:ri_ln:codos-1,Richard Codos,Hackettstown,NJ,US
fl:ge_ln:senger-2,Gerhard Franz-Josef Senger,Simmerath,,DE
fl:br_ln:bellamy-1,Brandon Bellamy,Warsaw,IN,US
fl:al_ln:ross-7,Alexander Evan Ross,Washington,IA,US
fl:ki_ln:jung-14,Kil-soo Jung,Hwaseong-si,,KR
fl:ke_ln:tsukamoto-12,Keisuke Tsukamoto,Daito,,JP
fl:jo_ln:green-68,Joseph C. Green,Brooklyn Park,MN,US
fl:da_ln:wilson-22,David P. Wilson,Williamsville,NY,US
fl:ji_ln:yan-33,Jianfei Yan,Xi'an,,CN
fl:no_ln:yoshimura-7,Nobuhiro YOSHIMURA,Otsu,,JP
fl:ma_ln:boyd-2,Malcolm Stanley Boyd,Wellesbourne,,GB
fl:ja_ln:wyatt-9,Jacqueline Wyatt,Carlsbad,CA,US
fl:la_ln:melvin-2,"Lawrence S. Melvin, III",Hillsboro,OR,US
fl:wa_ln:williamson-4,"Warren P. Williamson, IV",Loveland,OH,US
fl:je_ln:peterson-27,Jeffrey M. Peterson,Lompoc,CA,US
fl:ka_ln:nakayama-38,Kazutaka Nakayama,Yamanashi,,JP
fl:vi_ln:welmann-1,Vitali Welmann,Hinterhochstett,,DE
fl:mi_ln:laine-2,Michael Laine,Newburyport,MA,US
001mge3ejdqbcj6k33fevziqm,Lynn B. Sauter,Windber,PA,US
fl:wi_ln:curtis-4,William M. Curtis,Dartmouth,NS,CA
fl:sh_ln:chen-346,Shih-I Chen,Hsinchu,,TW
fl:jo_ln:dekoning-4,Johannes J.M. de Koning,Almelo,,NL
fl:va_ln:sherman-2,Vadim Sherman,Houston,TX,US
fl:al_ln:hegedus-2,Alexander M. Hegedus,Chattanooga,TN,US
fl:ro_ln:foster-1,Robin H. Foster,Little Silver,NJ,US
fl:os_ln:marcia-1,Oscar Marcia,Broomfield,CO,US
fl:na_ln:camacho-1,Nancy P. Camacho,Edison,NJ,US
fl:lo_ln:noel-1,Louis Noel,Aix-les-Bains,,FR
fl:ic_ln:sawamura-2,Ichiro Sawamura,,,
fl:ha_ln:singh-9,Harpreet Singh,Houston,TX,US
fl:sh_ln:tsujimoto-10,Shinichi Tsujimoto,Tokyo,,JP
fl:ma_ln:roy-45,Matthew Roy,Ottawa,ON,CA
fl:ed_ln:givens-1,Edwin N. Givens,Bethlehem,PA,US
fl:ke_ln:mundt-2,Kevin Mundt,Austin,TX,US
fl:ba_ln:kroon-1,Bart Kroon,Eindhoven,,NL
fl:mo_ln:jigstam-1,Monica Jigstam,Torslanda,,SE
fl:sh_ln:gao-155,Shumin Gao,Beijing,,CN
fl:pu_ln:lu-2,Pu-Ping Lu,Foster City,CA,US
fl:ro_ln:vanderlaan-1,Roger van der Laan,Menlo Park,CA,US
fl:st_ln:fleming-8,Stephen Jordan Fleming,Cambridge,MA,US
fl:an_ln:nadkarni-1,Anil V. Nadkarni,Chapel Hill,NC,US
fl:jo_ln:schaffeld-1,John Schaffeld,Marshfield,MA,US
001nwy7n73l5zr8pme6w7gbls,Aaron Michael Burrry,Ontario,NY,US
fl:ju_ln:clack-1,Justin Clack,Oak Grove,LA,US
fl:ja_ln:larson-9,James R. Larson,Fairport,NY,US
fl:se_ln:lee-562,Seok Ju Lee,Suwon-si,,KR
fl:da_ln:skibinski-2,David Skibinski,Siena,,IT
fl:ts_ln:yu-31,Tsung-Yuan Yu,Taipei,,TW
fl:ry_ln:nakabayashi-3,Ryo Nakabayashi,Niigata,,JP
fl:ju_ln:molnar-1,Judith R. Molnar,Wilmington,DE,US
fl:to_ln:su-2,Tongshang Su,Beijing,,CN
fl:al_ln:lell-1,Alfred Lell,Maxhütte-Haidhof,,DE
fl:ha_ln:bergstrom-2,Hans R. Bergstrom,Kungsör,,SE
fl:el_ln:cosgriffhernandez-1,Elizabeth L. Cosgriff-Hernandez,College Station,TX,US
fl:go_ln:chapman-2,Gordon R. Chapman,Houston,TX,US
fl:an_ln:johnson-49,Andrew Johnson,Newport,,GB
fl:mi_ln:ikarashi-2,Minoru Ikarashi,Yokohama,,JP
fl:pa_ln:surrey-1,Paul Surrey,Parramatta,,AU
fl:mi_ln:leibow-1,Michael Leibow,Rochester,NY,US
fl:is_ln:chanclon-1,Ismael Chanclon,Sant Cugat del Vallès,,ES
fl:gu_ln:jiang-64,Guilin Jiang,Nanjing,,CN
fl:ch_ln:koller-4,Charles Koller,Orlando,FL,US
fl:jo_ln:dalton-24,Jonathan Dalton,Marietta,GA,US
fl:be_ln:keiper-2,Bernd Keiper,Neustadt an der Orla,,DE
fl:lu_ln:gutierrez-5,Luis Javier Gutierrez,Houston,TX,US
fl:co_ln:shattuck-1,Colman D. Shattuck,Colchester,CT,US
fl:be_ln:kim-36,Beom Jin Kim,Seoul,,KR
fl:jo_ln:bouharb-1,Joseph Bou Harb,LaSalle,ON,CA
fl:jo_ln:peterson-47,John L. Peterson,Round Rock,TX,US
fl:zh_ln:su-122,Zhong Su,Beijing,,CN
fl:sh_ln:iwatani-8,Shiro Iwatani,Himeji,,JP
fl:ji_ln:liu-177,Jianyi Liu,Santa Clara,CA,US
fl:ta_ln:kasahara-16,Takashi Kasahara,Tokyo,,JP
fl:ta_ln:ogino-8,Takashi Ogino,Ebina,,JP
fl:ha_ln:terry-2,Harold Terry,3a Avenida SO,CT,US
fl:we_ln:you-4,Wen-Chun You,Zilongting,,TW
fl:fr_ln:guyon-2,Franck Guyon,Auxerre,,FR
fl:na_ln:roth-2,Nathaniel Roth,Nes Ziona,,IL
fl:jo_ln:liskowitz-1,John W. Liskowitz,Montgomery,NJ,US
fl:cr_ln:deroy-1,Craig I. DeRoy,Lomita,CA,US
fl:so_ln:lee-144,Soon Young LEE,Ansan-si,,KR
fl:ju_ln:ito-5,Jun Ito,Tokyo,,JP
001q34w80gyh1jzoudyz9jr9n,Maurice G. Bellville,Fairfield Glade,TN,US
fl:sc_ln:townley-1,Scott A. Townley,Gilbert,AZ,US
fl:ka_ln:sakane-1,Kazuo Sakane,Kawanishi,,JP
fl:ry_ln:white-6,Ryan White,Salem,MA,US
fl:ja_ln:heath-14,Jan Heath,Temecula,CA,US
fl:pe_ln:strzepa-1,Peter Strzepa,Austin,TX,US
fl:ik_ln:saiki-2,Ikuo Saiki,Sapporo,,JP
fl:lu_ln:canzek-1,Ludvik Canzek,Aarau,,CH
fl:ta_ln:sodeyama-1,Tadashi Sodeyama,Hitachi,,JP
fl:me_ln:duan-2,Mengyuan Duan,Beijing,,CN
fl:tu_ln:pham-16,Tuan Pham,Portland,OR,US
fl:ed_ln:ray-2,"Eddie F. Ray, III",Cordova,TN,US
fl:je_ln:friedt-2,Jean-Michel Friedt,Besançon,,FR
001r3z1h180rcgot1pjkn72e2,Frederick G. Giglioli,Anaheim,CA,US
fl:ju_ln:montojo-1,Juan Montojo,San Diego,CA,US
fl:ja_ln:storch-2,James C. Storch,Charlotte,NC,US
fl:th_ln:senese-1,Thomas J. Senese,Schaumburg,IL,US
fl:sh_ln:michimoto-1,Shohei Michimoto,Takatsuki,,JP
fl:ma_ln:chetlur-1,Malolan Chetlur,Bengaluru,,IN
fl:de_ln:trivedi-1,Deepak Trivedi,Niskayuna,NY,US
fl:el_ln:poppe-1,Elisabeth Poppe,Hamburg,,DE
fl:ol_ln:liberg-1,Olof Liberg,Stockholm,,SE
001rlvegetlsvjw2h8qhksgsr,Jerry Flournoy,Spicewood,TX,US
fl:ar_ln:ahmadivand-1,Arash Ahmadivand,Miami,FL,US
fl:ni_ln:smolyanskiy-1,Nikolay Smolyanskiy,Seattle,WA,US
fl:se_ln:lee-37,Seong-Nam Lee,Seoul,,KR
fl:va_ln:devassy-1,Varghese Devassy,Winnipeg,MB,CA
fl:je_ln:schueler-1,Jeremy R. Schueler,Columbia,IL,US
fl:ge_ln:selvin-1,Gerald J. Selvin,Tecate Mission Road,CA,US
fl:ko_ln:tamura-7,Kotaro Tamura,Tochigi,,JP
fl:ch_ln:liu-868,Cheh-Kang Liu,Taipei,,TW
fl:da_ln:stolarz-1,Damien Phelan Stolarz,Los Angeles,CA,US
fl:ti_ln:kraft-2,Timothy J. Kraft,Pequannock,NJ,US
001sh51t5ft5hbegqhzo1y4or,Michael M. Stamler,Chicago,IL,US
fl:ji_ln:mccullough-1,Jimmy D. McCullough,Chino,CA,US
fl:ko_ln:enomoto-6,Kouji Enomoto,Saitama,,JP
fl:st_ln:wright-28,Steven A. Wright,Roswell,GA,US
fl:ma_ln:rixon-2,Mark W. Rixon,Seattle,WA,US
fl:ke_ln:strope-1,Kerry M. Strope,Tustin,CA,US
fl:ji_ln:yong-12,Jinfeng Yong,Lo Wu,,CN
fl:to_ln:kawasaki-30,Tomonori Kawasaki,Ashiya,,JP
fl:ce_ln:gonzales-1,Cesar A. Gonzales,Katonah,NY,US
fl:al_ln:schrinsky-1,Alex J. Schrinsky,Boise,ID,US
fl:to_ln:kuroda-6,Toshimasa Kuroda,Takatsuki,,JP
fl:ja_ln:zhang-9,Jack Zhang,Urbana,MD,US
fl:er_ln:baumann-1,Ernst Baumann,Dudenhofen,,DE
fl:gu_ln:devreese-1,Guy De Vreese,Sint-Martens-Latem,,BE
fl:ju_ln:kitera-1,Jun Kitera,Tokyo,,JP
fl:pe_ln:bohus-1,Peter Bohus,Budapest,,HU
fl:su_ln:park-73,Sung Ho Park,Yongin-si,,KR
fl:er_ln:vanpraet-2,Erik Van Praet,Veltem-Beisem,,BE
fl:be_ln:du-1,Benjamin R. Du,Laguna Beach,CA,US
fl:yu_ln:zhang-286,Yun Zhang,Acton,MA,US
fl:ca_ln:finlay-1,Callum Niall Fergus Finlay,Newcastle upon Tyne,,GB
fl:ya_ln:yamamoto-28,Yasushi Yamamoto,Yokohama,,JP
fl:ru_ln:wiedemann-1,Rudolf A. Wiedemann,Fremont,CA,US
fl:ra_ln:olsen-8,Raymond E. Olsen,Smithfield,UT,US
fl:se_ln:jinta-1,Seiichiro Jinta,Ebeye,MH,US
fl:ju_ln:nishino-3,Junki Nishino,Toyota,,JP
fl:to_ln:trojacki-1,Tomasz Trojacki,Keyport,NJ,US
fl:ak_ln:hirata-8,Akihiko Hirata,Ashikawa,,JP
fl:ed_ln:stein-4,Edward Stein,Soquel,CA,US
fl:ke_ln:kanarik-1,Keren Jacobs Kanarik,Los Altos,CA,US
fl:sa_ln:alshaibani-1,Samil Alshaibani,Dhahran,,SA
fl:do_ln:kim-187,Dong Soo Kim,Osan-si,,KR
fl:ke_ln:smith-44,Kevin Smith,Leesburg,VA,US
fl:ga_ln:lim-8,Gak-Soo Lim,Daejeon,,KR
fl:sa_ln:no-2,Sang Yong NO,Asan-si,,KR
fl:hi_ln:kikuchi-43,Hiroyoshi Kikuchi,Narashino,,JP
fl:ro_ln:williams-146,Roosevelt Williams,Kettering,OH,US
fl:ni_ln:andries-1,Nicole Andries,Ans,,BE
fl:ka_ln:furumochi-1,Kazuto Furumochi,Kawasaki,,JP
fl:ta_ln:tan-24,Tao Tan,Nuenen,,NL
fl:mi_ln:nienoord-1,Michiel Nienoord,Apeldoorn,,NL
001v00g4g8h2a9x26n0kaix49,Lester B. Wilkens,Bemidji,MN,US
fl:ro_ln:cohen-10,Robert A. Cohen,Somerville,MA,US
fl:ho_ln:oh-16,Hokil Oh,Seoul,,KR
fl:yu_ln:oki-8,Yusuke Oki,Kawasaki,,JP
fl:la_ln:boni-3,Lawrence Boni,Monmouth Junction,NJ,US
fl:pe_ln:ribnitz-1,Peter Ribnitz,Sankt Gallen,,CH
fl:an_ln:povinelli-1,Anthony J. Povinelli,Romeo,MI,US
fl:ke_ln:turner-3,Kenneth W. Turner,Houston,TX,US
fl:pe_ln:benko-1,Péter Benkö,Budapest,,HU
fl:ma_ln:pratt-5,Mark Pratt,Seattle,WA,US
fl:se_ln:gibanel-1,Sebastien Gibanel,Le Verjux,,FR
fl:xi_ln:zhao-144,Xinglong ZHAO,安丰镇,,CN
fl:ha_ln:alshemari-1,Hasan M. Sh. Sh. Alshemari,Jaber Al-Ahmad,,KW
fl:kl_ln:waltenberg-1,Klaus Waltenberg,Steinheim an der Murr,,DE
fl:ma_ln:murata-18,Masae Murata,Yamato,,JP
fl:sh_ln:togawa-3,Shinichi Togawa,Rifu,,JP
fl:ja_ln:plogsties-1,Jan Plogsties,Ergolding,,DE
fl:ge_ln:ho-1,Geoffrey Matthew Ho,San Ramon,CA,US
fl:je_ln:ok-3,Jerry Ok,Santa Clarita,CA,US
fl:go_ln:collier-1,Gordon Bruce Collier,Arnprior,ON,CA
fl:ju_ln:umetsu-1,Jun Umetsu,Hitachi,,JP
fl:ka_ln:yoshida-31,Katsuhiko Yoshida,Takasago,,JP
fl:so_ln:rubin-1,Sol R. Rubin,Beverly Hills,CA,US
fl:ts_ln:hashino-1,Tsukasa Hashino,Yokohama,,JP
fl:we_ln:chen-509,Wen-Pin Chen,Baoshan,,TW
fl:yu_ln:saito-36,Yuji Saito,Tokyo,,JP
fl:ph_ln:keaton-1,Phillip Keaton,Rock Hill,SC,US
fl:ge_ln:rockstein-1,George B. Rockstein,Haddon,NJ,US
fl:do_ln:taylor-18,Donald M. Taylor,,,
fl:wi_ln:lutton-2,William H. Lutton,Fort Collins,CO,US
fl:ph_ln:troebner-1,Philipp Troebner,Lörrach,,DE
fl:is_ln:takobe-1,Isao Takobe,Kyoto,,JP
fl:ch_ln:kohlpaintner-1,Christian Kohlpaintner,Kelkheim,,DE
001wwao8tcfowqif3g924pk7j,Jill Kathleen Sestini,South Berwick,ME,US
fl:pe_ln:chaikowsky-1,Peter Chaikowsky,Waynesboro,VA,US
fl:fa_ln:audeval-1,Fabrice Audeval,,,
fl:yo_ln:oh-18,Yong-soo Oh,Seongnam-si,,KR
fl:ru_ln:zahorik-1,Russell C. Zahorik,Boise,ID,US
fl:sw_ln:daingade-1,Swapnil Daingade,Sunnyvale,CA,US
fl:ai_ln:kawamoto-1,Aiko Kawamoto,Yokohama,,JP
fl:we_ln:ding-47,Wei Ding,Hefei,,CN
fl:au_ln:marchetti-1,Augusto Marchetti,Milano,,IT
fl:pe_ln:bressler-2,Peter Bressler,Philadelphia,PA,US
fl:ta_ln:yamanaka-18,Takahiko Yamanaka,Hamamatsu,,JP
fl:da_ln:lueneburg-1,David C. Lueneburg,Austin,TX,US
fl:kr_ln:mukkavilli-1,Krishna Kiran Mukkavilli,San Diego,CA,US
